"","X","name","type","latitude","longitude","population","year","gas","est_RFNB","gas_base","food_base","ANindex"
"3",95,"Acadia","First Nations",43.832917,-66.084223,94,1979,24.375,229.957232999803,24.375,229.957232999803,1
"12",142,"Annapolis Valley","First Nations",45.065777,-64.654284,260,1979,24.5166666666667,190.716371212455,24.5166666666667,190.716371212455,1
"17",130,"Bear River","First Nations",44.549444444,-65.623611111,297,1979,24.375,203.521285161209,24.375,203.521285161209,1
"61",216,"Fort Folly","First Nations",45.892211914,-64.495483398,61,1979,25.8166666666667,220.40542581707,25.8166666666667,220.40542581707,1
"72",233,"Glooscap First Nation","First Nations",45.0425,-64.236944,315,1979,24.5166666666667,228.283742793951,24.5166666666667,228.283742793951,1
"100",83,"Kingsclear","First Nations",45.950442,-66.851933,558,1979,24.375,132.77012327345,24.375,132.77012327345,1
"188",232,"Oromocto","First Nations",45.851388889,-66.463611111,452,1979,24.375,130.12552086436,24.375,130.12552086436,1
"209",303,"Saint Mary's","First Nations",45.97195093,-66.632675405,136,1979,24.375,133.764839121597,24.375,133.764839121597,1
"297",70,"Woodstock","First Nations",46.109192,-67.57747,554,1979,24.375,151.708453337125,24.375,151.708453337125,1
"360",452,"Acadia","First Nations",43.832917,-66.084223,94,1980,27.975,238.184544802983,24.375,229.957232999803,0.902487161887965
"369",499,"Annapolis Valley","First Nations",45.065777,-64.654284,260,1980,28.8583333333333,198.943683015635,24.5166666666667,190.716371212455,0.942085181421845
"374",487,"Bear River","First Nations",44.549444444,-65.623611111,297,1980,27.975,211.748596964389,24.375,203.521285161209,0.906536373387351
"418",573,"Fort Folly","First Nations",45.892211914,-64.495483398,61,1980,30.6416666666667,228.63273762025,25.8166666666667,220.40542581707,0.873984878424319
"429",590,"Glooscap First Nation","First Nations",45.0425,-64.236944,315,1980,28.8583333333333,236.51105459713,24.5166666666667,228.283742793951,0.886330036280509
"457",440,"Kingsclear","First Nations",45.950442,-66.851933,558,1980,27.975,140.99743507663,24.375,132.77012327345,0.925306010119538
"545",589,"Oromocto","First Nations",45.851388889,-66.463611111,452,1980,27.975,138.35283266754,24.375,130.12552086436,0.926403321884946
"566",660,"Saint Mary's","First Nations",45.97195093,-66.632675405,136,1980,27.975,141.992150924777,24.375,133.764839121597,0.92490450675108
"654",427,"Woodstock","First Nations",46.109192,-67.57747,554,1980,27.975,159.935765140305,24.375,151.708453337125,0.918565946001428
"717",809,"Acadia","First Nations",43.832917,-66.084223,94,1981,37.4583333333333,247.987299291879,24.375,229.957232999803,0.701743726850942
"726",856,"Annapolis Valley","First Nations",45.065777,-64.654284,260,1981,37.8,208.74643750453,24.5166666666667,190.716371212455,0.734167815886876
"731",844,"Bear River","First Nations",44.549444444,-65.623611111,297,1981,37.4583333333333,221.551351453284,24.375,203.521285161209,0.708370948157612
"775",930,"Fort Folly","First Nations",45.892211914,-64.495483398,61,1981,42.2833333333333,238.435492109146,25.8166666666667,220.40542581707,0.660510265058082
"786",947,"Glooscap First Nation","First Nations",45.0425,-64.236944,315,1981,37.8,246.313809086026,24.5166666666667,228.283742793951,0.53112566948313
"814",797,"Kingsclear","First Nations",45.950442,-66.851933,558,1981,37.4583333333333,150.800189565525,24.375,132.77012327345,0.739090641729783
"902",946,"Oromocto","First Nations",45.851388889,-66.463611111,452,1981,37.4583333333333,148.155587156435,24.375,130.12552086436,0.740886578522139
"923",1017,"Saint Mary's","First Nations",45.97195093,-66.632675405,136,1981,37.4583333333333,151.794905413672,24.375,133.764839121597,0.738433513378115
"1011",784,"Woodstock","First Nations",46.109192,-67.57747,554,1981,37.4583333333333,169.7385196292,24.375,151.708453337125,0.728059383782737
"1074",1166,"Acadia","First Nations",43.832917,-66.084223,94,1982,44.75,254.814217596645,24.375,229.957232999803,0.603570724470153
"1083",1213,"Annapolis Valley","First Nations",45.065777,-64.654284,260,1982,46.375,215.573355809297,24.5166666666667,190.716371212455,0.66285929737081
"1088",1201,"Bear River","First Nations",44.549444444,-65.623611111,297,1982,44.75,228.37826975805,24.375,203.521285161209,0.611218550558697
"1132",1287,"Fort Folly","First Nations",45.892211914,-64.495483398,61,1982,50.0666666666667,245.262410413912,25.8166666666667,220.40542581707,0.573799545680948
"1143",1304,"Glooscap First Nation","First Nations",45.0425,-64.236944,315,1982,46.375,253.140727390792,24.5166666666667,228.283742793951,0.541376707234637
"1171",1154,"Kingsclear","First Nations",45.950442,-66.851933,558,1982,44.75,157.627107870291,24.375,132.77012327345,0.646669135813314
"1259",1303,"Oromocto","First Nations",45.851388889,-66.463611111,452,1982,44.75,154.982505461201,24.375,130.12552086436,0.648741650313491
"1280",1374,"Saint Mary's","First Nations",45.97195093,-66.632675405,136,1982,44.75,158.621823718439,24.375,133.764839121597,0.645910808436148
"1368",1141,"Woodstock","First Nations",46.109192,-67.57747,554,1982,44.75,176.565437933967,24.375,151.708453337125,0.633939043001725
"1431",1523,"Acadia","First Nations",43.832917,-66.084223,94,1983,50.5,258.665299717282,24.375,229.957232999803,0.542930629882366
"1440",1570,"Annapolis Valley","First Nations",45.065777,-64.654284,260,1983,51.275,219.424437929934,24.5166666666667,190.716371212455,0.584428883501138
"1445",1558,"Bear River","First Nations",44.549444444,-65.623611111,297,1983,50.5,232.229351878688,24.375,203.521285161209,0.550757626907027
"1489",1644,"Fort Folly","First Nations",45.892211914,-64.495483398,61,1983,54.3833333333333,249.113492534549,25.8166666666667,220.40542581707,0.536548905088191
"1500",1661,"Glooscap First Nation","First Nations",45.0425,-64.236944,315,1983,51.275,256.991809511429,24.5166666666667,228.283742793951,0.557341915733631
"1528",1511,"Kingsclear","First Nations",45.950442,-66.851933,558,1983,50.5,161.478189990928,24.375,132.77012327345,0.587038737656381
"1616",1660,"Oromocto","First Nations",45.851388889,-66.463611111,452,1983,50.5,158.833587581839,24.375,130.12552086436,0.58915980639391
"1637",1731,"Saint Mary's","First Nations",45.97195093,-66.632675405,136,1983,50.5,162.472905839076,24.375,133.764839121597,0.586262644416801
"1725",1498,"Woodstock","First Nations",46.109192,-67.57747,554,1983,50.5,180.416520054604,24.375,151.708453337125,0.574010408114579
"1788",1880,"Acadia","First Nations",43.832917,-66.084223,94,1984,51.675,264.441922898238,24.375,229.957232999803,0.542434584278466
"1797",1927,"Annapolis Valley","First Nations",45.065777,-64.654284,260,1984,53.9333333333333,225.20106111089,24.5166666666667,190.716371212455,0.563468136258433
"1802",1915,"Bear River","First Nations",44.549444444,-65.623611111,297,1984,51.675,238.005975059644,24.375,203.521285161209,0.551622741959545
"1846",2001,"Fort Folly","First Nations",45.892211914,-64.495483398,61,1984,57.175,254.890115715505,25.8166666666667,220.40542581707,0.522185378346762
"1857",2018,"Glooscap First Nation","First Nations",45.0425,-64.236944,315,1984,53.9333333333333,262.768432692385,24.5166666666667,228.283742793951,0.588089836159058
"1885",1868,"Kingsclear","First Nations",45.950442,-66.851933,558,1984,51.675,167.254813171885,24.375,132.77012327345,0.594213350510878
"1973",2017,"Oromocto","First Nations",45.851388889,-66.463611111,452,1984,51.675,164.610210762795,24.375,130.12552086436,0.596703285533388
"1994",2088,"Saint Mary's","First Nations",45.97195093,-66.632675405,136,1984,51.675,168.249529020032,24.375,133.764839121597,0.593302290108268
"2082",1855,"Woodstock","First Nations",46.109192,-67.57747,554,1984,51.675,186.19314323556,24.375,151.708453337125,0.578919318103046
"2145",2237,"Acadia","First Nations",43.832917,-66.084223,94,1985,56.15,267.592808269669,24.375,229.957232999803,0.505152174483395
"2154",2284,"Annapolis Valley","First Nations",45.065777,-64.654284,260,1985,58.4916666666667,228.351946482321,24.5166666666667,190.716371212455,0.572821268690062
"2159",2272,"Bear River","First Nations",44.549444444,-65.623611111,297,1985,56.15,241.156860431074,24.375,203.521285161209,0.514380680466415
"2203",2358,"Fort Folly","First Nations",45.892211914,-64.495483398,61,1985,59.7583333333333,258.041001086936,25.8166666666667,220.40542581707,0.505787541316643
"2214",2375,"Glooscap First Nation","First Nations",45.0425,-64.236944,315,1985,58.4916666666667,265.919318063816,24.5166666666667,228.283742793951,0.533086089362562
"2242",2225,"Kingsclear","First Nations",45.950442,-66.851933,558,1985,56.15,170.405698543315,24.375,132.77012327345,0.557158318756833
"2330",2374,"Oromocto","First Nations",45.851388889,-66.463611111,452,1985,56.15,167.761096134225,24.375,130.12552086436,0.559659187924533
"2351",2445,"Saint Mary's","First Nations",45.97195093,-66.632675405,136,1985,56.15,171.400414391463,24.375,133.764839121597,0.55624325758046
"2439",2212,"Woodstock","First Nations",46.109192,-67.57747,554,1985,56.15,189.344028606991,24.375,151.708453337125,0.54179712509003
"2502",2594,"Acadia","First Nations",43.832917,-66.084223,94,1986,52.95,273.369431450625,24.375,229.957232999803,0.547244663470687
"2511",2641,"Annapolis Valley","First Nations",45.065777,-64.654284,260,1986,51.9166666666667,234.128569663277,24.5166666666667,190.716371212455,0.678489217624684
"2516",2629,"Bear River","First Nations",44.549444444,-65.623611111,297,1986,52.95,246.93348361203,24.375,203.521285161209,0.558532960153802
"2560",2715,"Fort Folly","First Nations",45.892211914,-64.495483398,61,1986,53.6166666666667,263.817624267892,25.8166666666667,220.40542581707,0.576344138174268
"2571",2732,"Glooscap First Nation","First Nations",45.0425,-64.236944,315,1986,51.9166666666667,271.695941244772,24.5166666666667,228.283742793951,0.526553141681274
"2599",2582,"Kingsclear","First Nations",45.950442,-66.851933,558,1986,52.95,176.182321724271,24.375,132.77012327345,0.610858512449449
"2687",2731,"Oromocto","First Nations",45.851388889,-66.463611111,452,1986,52.95,173.537719315181,24.375,130.12552086436,0.613917572408081
"2708",2802,"Saint Mary's","First Nations",45.97195093,-66.632675405,136,1986,52.95,177.177037572419,24.375,133.764839121597,0.609739210792052
"2796",2569,"Woodstock","First Nations",46.109192,-67.57747,554,1986,52.95,195.120651787947,24.375,151.708453337125,0.592068720056541
"2859",2951,"Acadia","First Nations",43.832917,-66.084223,94,1987,48.8333333333333,278.620907069676,24.375,229.957232999803,0.604776464611489
"2868",2998,"Annapolis Valley","First Nations",45.065777,-64.654284,260,1987,50.25,239.380045282328,24.5166666666667,190.716371212455,0.591191507834836
"2873",2986,"Bear River","First Nations",44.549444444,-65.623611111,297,1987,48.8333333333333,252.184959231081,24.375,203.521285161209,0.618497002099526
"2917",3072,"Fort Folly","First Nations",45.892211914,-64.495483398,61,1987,53.65,269.069099886943,25.8166666666667,220.40542581707,0.587451457220787
"2928",3089,"Glooscap First Nation","First Nations",45.0425,-64.236944,315,1987,50.25,276.947416863823,24.5166666666667,228.283742793951,0.718515528832837
"2956",2939,"Kingsclear","First Nations",45.950442,-66.851933,558,1987,48.8333333333333,181.433797343322,24.375,132.77012327345,0.682096916418624
"3044",3088,"Oromocto","First Nations",45.851388889,-66.463611111,452,1987,48.8333333333333,178.789194934232,24.375,130.12552086436,0.68581509888838
"3065",3159,"Saint Mary's","First Nations",45.97195093,-66.632675405,136,1987,48.8333333333333,182.42851319147,24.375,133.764839121597,0.680736443640324
"3153",2926,"Woodstock","First Nations",46.109192,-67.57747,554,1987,48.8333333333333,200.372127406998,24.375,151.708453337125,0.659258568157902
"3216",3308,"Acadia","First Nations",43.832917,-66.084223,94,1988,50.1666666666667,281.946841628408,24.375,229.957232999803,0.595730093058584
"3225",3355,"Annapolis Valley","First Nations",45.065777,-64.654284,260,1988,50.325,242.70597984106,24.5166666666667,190.716371212455,0.587327743827205
"3230",3343,"Bear River","First Nations",44.549444444,-65.623611111,297,1988,50.1666666666667,255.510893789814,24.375,203.521285161209,0.609998776496845
"3274",3429,"Fort Folly","First Nations",45.892211914,-64.495483398,61,1988,52.65,272.395034445675,25.8166666666667,220.40542581707,0.606008473580944
"3285",3446,"Glooscap First Nation","First Nations",45.0425,-64.236944,315,1988,50.325,280.273351422555,24.5166666666667,228.283742793951,0.634564503664731
"3313",3296,"Kingsclear","First Nations",45.950442,-66.851933,558,1988,50.1666666666667,184.759731902054,24.375,132.77012327345,0.676139555960526
"3401",3445,"Oromocto","First Nations",45.851388889,-66.463611111,452,1988,50.1666666666667,182.115129492965,24.375,130.12552086436,0.680006282659311
"3422",3516,"Saint Mary's","First Nations",45.97195093,-66.632675405,136,1988,50.1666666666667,185.754447750202,24.375,133.764839121597,0.674724731255819
"3510",3283,"Woodstock","First Nations",46.109192,-67.57747,554,1988,50.1666666666667,203.69806196573,24.375,151.708453337125,0.652388798246476
"3573",3665,"Acadia","First Nations",43.832917,-66.084223,94,1989,52.175,286.848218872856,24.375,229.957232999803,0.582756665881045
"3582",3712,"Annapolis Valley","First Nations",45.065777,-64.654284,260,1989,50.9166666666667,247.607357085508,24.5166666666667,190.716371212455,0.677921276246195
"3587",3700,"Bear River","First Nations",44.549444444,-65.623611111,297,1989,52.175,260.412271034261,24.375,203.521285161209,0.597769531666597
"3631",3786,"Fort Folly","First Nations",45.892211914,-64.495483398,61,1989,52.7083333333333,277.296411690123,25.8166666666667,220.40542581707,0.61623002048279
"3642",3803,"Glooscap First Nation","First Nations",45.0425,-64.236944,315,1989,50.9166666666667,285.174728667003,24.5166666666667,228.283742793951,0.744131507378991
"3670",3653,"Kingsclear","First Nations",45.950442,-66.851933,558,1989,52.175,189.661109146502,24.375,132.77012327345,0.667359879601409
"3758",3802,"Oromocto","First Nations",45.851388889,-66.463611111,452,1989,52.175,187.016506737412,24.375,130.12552086436,0.671428275204228
"3779",3873,"Saint Mary's","First Nations",45.97195093,-66.632675405,136,1989,52.175,190.65582499465,24.375,133.764839121597,0.665871264797264
"3867",3640,"Woodstock","First Nations",46.109192,-67.57747,554,1989,52.175,208.599439210178,24.375,151.708453337125,0.642370402512713
"3930",4022,"Acadia","First Nations",43.832917,-66.084223,94,1990,51.6229166666667,292.274743679209,24.375,229.957232999803,0.600131330407654
"3939",4069,"Annapolis Valley","First Nations",45.065777,-64.654284,260,1990,52.3895833333333,253.03388189186,24.5166666666667,190.716371212455,0.640848232651145
"3944",4057,"Bear River","First Nations",44.549444444,-65.623611111,297,1990,51.6229166666667,265.838795840614,24.375,203.521285161209,0.616752062854308
"3988",4143,"Fort Folly","First Nations",45.892211914,-64.495483398,61,1990,53.8630952380952,282.722936496476,25.8166666666667,220.40542581707,0.614819484335554
"3999",4160,"Glooscap First Nation","First Nations",45.0425,-64.236944,315,1990,52.3895833333333,290.601253473356,24.5166666666667,228.283742793951,0.688882357313977
"4027",4010,"Kingsclear","First Nations",45.950442,-66.851933,558,1990,51.6229166666667,195.087633952855,24.375,132.77012327345,0.693795484837549
"4115",4159,"Oromocto","First Nations",45.851388889,-66.463611111,452,1990,51.6229166666667,192.443031543765,24.375,130.12552086436,0.698299602556809
"4136",4230,"Saint Mary's","First Nations",45.97195093,-66.632675405,136,1990,51.6229166666667,196.082349801002,24.375,133.764839121597,0.692147440504821
"4224",3997,"Woodstock","First Nations",46.109192,-67.57747,554,1990,51.6229166666667,214.02596401653,24.375,151.708453337125,0.666129653502884
"4287",4379,"Acadia","First Nations",43.832917,-66.084223,94,1991,54.9666666666667,298.926612796673,24.375,229.957232999803,0.576451442422913
"4296",4426,"Annapolis Valley","First Nations",45.065777,-64.654284,260,1991,57.0833333333333,259.685751009325,24.5166666666667,190.716371212455,0.593832767709123
"4301",4414,"Bear River","First Nations",44.549444444,-65.623611111,297,1991,54.9666666666667,272.490664958079,24.375,203.521285161209,0.593727296207137
"4345",4500,"Fort Folly","First Nations",45.892211914,-64.495483398,61,1991,59.7952380952381,289.37480561394,25.8166666666667,220.40542581707,0.566855027708048
"4356",4517,"Glooscap First Nation","First Nations",45.0425,-64.236944,315,1991,57.0833333333333,297.25312259082,24.5166666666667,228.283742793951,0.70730475477895
"4384",4367,"Kingsclear","First Nations",45.950442,-66.851933,558,1991,54.9666666666667,201.739503070319,24.375,132.77012327345,0.67380745497815
"4472",4516,"Oromocto","First Nations",45.851388889,-66.463611111,452,1991,54.9666666666667,199.094900661229,24.375,130.12552086436,0.678489106607801
"4493",4587,"Saint Mary's","First Nations",45.97195093,-66.632675405,136,1991,54.9666666666667,202.734218918467,24.375,133.764839121597,0.672094451474036
"4581",4354,"Woodstock","First Nations",46.109192,-67.57747,554,1991,54.9666666666667,220.677833133995,24.375,151.708453337125,0.645051149653423
"4644",4736,"Acadia","First Nations",43.832917,-66.084223,94,1992,54.2653846153846,298.401465234768,24.375,229.957232999803,0.582875251573113
"4653",4783,"Annapolis Valley","First Nations",45.065777,-64.654284,260,1992,57.4205882352941,259.16060344742,24.5166666666667,190.716371212455,0.615161749053399
"4658",4771,"Bear River","First Nations",44.549444444,-65.623611111,297,1992,54.2653846153846,271.965517396173,24.375,203.521285161209,0.600241122577052
"4702",4857,"Fort Folly","First Nations",45.892211914,-64.495483398,61,1992,57.1404761904762,288.849658052035,25.8166666666667,220.40542581707,0.592114761534187
"4713",4874,"Glooscap First Nation","First Nations",45.0425,-64.236944,315,1992,57.4205882352941,296.727975028915,24.5166666666667,228.283742793951,0.662079417812311
"4741",4724,"Kingsclear","First Nations",45.950442,-66.851933,558,1992,54.2653846153846,201.214355508414,24.375,132.77012327345,0.680738545428738
"4829",4873,"Oromocto","First Nations",45.851388889,-66.463611111,452,1992,54.2653846153846,198.569753099324,24.375,130.12552086436,0.685444591179145
"4850",4944,"Saint Mary's","First Nations",45.97195093,-66.632675405,136,1992,54.2653846153846,202.209071356562,24.375,133.764839121597,0.679016616182675
"4938",4711,"Woodstock","First Nations",46.109192,-67.57747,554,1992,54.2653846153846,220.15268557209,24.375,151.708453337125,0.651832403072105
"5001",5093,"Acadia","First Nations",43.832917,-66.084223,94,1993,54.975,300.852153856992,24.375,229.957232999803,0.580076720867478
"5010",5140,"Annapolis Valley","First Nations",45.065777,-64.654284,260,1993,52.7125,261.611292069644,24.5166666666667,190.716371212455,0.686243230896234
"5015",5128,"Bear River","First Nations",44.549444444,-65.623611111,297,1993,54.975,274.416206018397,24.375,203.521285161209,0.597832203586548
"5059",5214,"Fort Folly","First Nations",45.892211914,-64.495483398,61,1993,54.4297619047619,291.300346674259,25.8166666666667,220.40542581707,0.626877168615303
"5070",5231,"Glooscap First Nation","First Nations",45.0425,-64.236944,315,1993,52.7125,299.178663651139,24.5166666666667,228.283742793951,0.804129459539516
"5098",5081,"Kingsclear","First Nations",45.950442,-66.851933,558,1993,54.975,203.665044130638,24.375,132.77012327345,0.680135625053202
"5186",5230,"Oromocto","First Nations",45.851388889,-66.463611111,452,1993,54.975,201.020441721548,24.375,130.12552086436,0.684947253216141
"5207",5301,"Saint Mary's","First Nations",45.97195093,-66.632675405,136,1993,54.975,204.659759978786,24.375,133.764839121597,0.678375063491678
"5295",5068,"Woodstock","First Nations",46.109192,-67.57747,554,1993,54.975,222.603374194314,24.375,151.708453337125,0.650580959412086
"5358",5450,"Acadia","First Nations",43.832917,-66.084223,94,1994,54.2222222222222,301.552350606199,24.375,229.957232999803,0.589498841140394
"5367",5497,"Annapolis Valley","First Nations",45.065777,-64.654284,260,1994,52.7597222222222,262.31148881885,24.5166666666667,190.716371212455,0.6706267913151
"5372",5485,"Bear River","First Nations",44.549444444,-65.623611111,297,1994,54.2222222222222,275.116402767604,24.375,203.521285161209,0.607678624107365
"5416",5571,"Fort Folly","First Nations",45.892211914,-64.495483398,61,1994,53.8071428571429,292.000543423466,25.8166666666667,220.40542581707,0.635655214162783
"5427",5588,"Glooscap First Nation","First Nations",45.0425,-64.236944,315,1994,52.7597222222222,299.878860400346,24.5166666666667,228.283742793951,0.774280450432423
"5455",5438,"Kingsclear","First Nations",45.950442,-66.851933,558,1994,54.2222222222222,204.365240879845,24.375,132.77012327345,0.691948838743426
"5543",5587,"Oromocto","First Nations",45.851388889,-66.463611111,452,1994,54.2222222222222,201.720638470755,24.375,130.12552086436,0.696875449700955
"5564",5658,"Saint Mary's","First Nations",45.97195093,-66.632675405,136,1994,54.2222222222222,205.359956727993,24.375,133.764839121597,0.690146205292401
"5652",5425,"Woodstock","First Nations",46.109192,-67.57747,554,1994,54.2222222222222,223.303570943521,24.375,151.708453337125,0.661687909456508
"5715",5807,"Acadia","First Nations",43.832917,-66.084223,94,1995,55.7833333333333,305.053334352233,24.375,229.957232999803,0.579654036496447
"5724",5854,"Annapolis Valley","First Nations",45.065777,-64.654284,260,1995,54.3041666666667,265.812472564884,24.5166666666667,190.716371212455,0.681690489975546
"5729",5842,"Bear River","First Nations",44.549444444,-65.623611111,297,1995,55.7833333333333,278.617386513638,24.375,203.521285161209,0.598189161913539
"5773",5928,"Fort Folly","First Nations",45.892211914,-64.495483398,61,1995,57.4285714285714,295.5015271695,25.8166666666667,220.40542581707,0.602711672617655
"5784",5945,"Glooscap First Nation","First Nations",45.0425,-64.236944,315,1995,54.3041666666667,303.37984414638,24.5166666666667,228.283742793951,0.727263791281101
"5812",5795,"Kingsclear","First Nations",45.950442,-66.851933,558,1995,55.7833333333333,207.866224625879,24.375,132.77012327345,0.684106524075807
"5900",5944,"Oromocto","First Nations",45.851388889,-66.463611111,452,1995,55.7833333333333,205.221622216789,24.375,130.12552086436,0.689129430682828
"5921",6015,"Saint Mary's","First Nations",45.97195093,-66.632675405,136,1995,55.7833333333333,208.860940474027,24.375,133.764839121597,0.68226865631047
"6009",5782,"Woodstock","First Nations",46.109192,-67.57747,554,1995,55.7833333333333,226.804554689555,24.375,151.708453337125,0.653254113978842
"6072",6164,"Acadia","First Nations",43.832917,-66.084223,94,1996,55.9958333333333,306.978875412551,24.375,229.957232999803,0.581099268345623
"6081",6211,"Annapolis Valley","First Nations",45.065777,-64.654284,260,1996,55.0166666666667,267.738013625203,24.5166666666667,190.716371212455,0.659673174016668
"6086",6199,"Bear River","First Nations",44.549444444,-65.623611111,297,1996,55.9958333333333,280.542927573957,24.375,203.521285161209,0.600037510399199
"6130",6285,"Fort Folly","First Nations",45.892211914,-64.495483398,61,1996,57.8154761904762,297.427068229818,25.8166666666667,220.40542581707,0.602579383951735
"6141",6302,"Glooscap First Nation","First Nations",45.0425,-64.236944,315,1996,55.0166666666667,305.305385206698,24.5166666666667,228.283742793951,0.676546253272969
"6169",6152,"Kingsclear","First Nations",45.950442,-66.851933,558,1996,55.9958333333333,209.791765686198,24.375,132.77012327345,0.687823471627881
"6257",6301,"Oromocto","First Nations",45.851388889,-66.463611111,452,1996,55.9958333333333,207.147163277108,24.375,130.12552086436,0.692955620399238
"6278",6372,"Saint Mary's","First Nations",45.97195093,-66.632675405,136,1996,55.9958333333333,210.786481534345,24.375,133.764839121597,0.685945632453921
"6366",6139,"Woodstock","First Nations",46.109192,-67.57747,554,1996,55.9958333333333,228.730095749873,24.375,151.708453337125,0.656300058799301
"6429",6521,"Acadia","First Nations",43.832917,-66.084223,94,1997,60.0222222222222,309.429564034775,24.375,229.957232999803,0.546446042588303
"6438",6568,"Annapolis Valley","First Nations",45.065777,-64.654284,260,1997,60.0611111111111,270.188702247427,24.5166666666667,190.716371212455,0.615928490932997
"6443",6556,"Bear River","First Nations",44.549444444,-65.623611111,297,1997,60.0222222222222,282.993616196181,24.375,203.521285161209,0.56467603472152
"6487",6642,"Fort Folly","First Nations",45.892211914,-64.495483398,61,1997,59.2428571428571,299.877756852042,25.8166666666667,220.40542581707,0.592906407920553
"6498",6659,"Glooscap First Nation","First Nations",45.0425,-64.236944,315,1997,60.0611111111111,307.756073828922,24.5166666666667,228.283742793951,0.582836525024519
"6526",6509,"Kingsclear","First Nations",45.950442,-66.851933,558,1997,60.0222222222222,212.242454308421,24.375,132.77012327345,0.649178987956481
"6614",6658,"Oromocto","First Nations",45.851388889,-66.463611111,452,1997,60.0222222222222,209.597851899331,24.375,130.12552086436,0.654119205293637
"6635",6729,"Saint Mary's","First Nations",45.97195093,-66.632675405,136,1997,60.0222222222222,213.237170156569,24.375,133.764839121597,0.647371375968429
"6723",6496,"Woodstock","First Nations",46.109192,-67.57747,554,1997,60.0222222222222,231.180784372097,24.375,151.708453337125,0.618834483632829
"6786",6878,"Acadia","First Nations",43.832917,-66.084223,94,1998,56.5722222222222,312.055301844301,24.375,229.957232999803,0.584690284034368
"6795",6925,"Annapolis Valley","First Nations",45.065777,-64.654284,260,1998,57.2083333333333,272.814440056952,24.5166666666667,190.716371212455,0.554400926017023
"6800",6913,"Bear River","First Nations",44.549444444,-65.623611111,297,1998,56.5722222222222,285.619354005706,24.375,203.521285161209,0.604671057816533
"6844",6999,"Fort Folly","First Nations",45.892211914,-64.495483398,61,1998,52.597619047619,302.503494661568,25.8166666666667,220.40542581707,0.673662227191347
"6855",7016,"Glooscap First Nation","First Nations",45.0425,-64.236944,315,1998,57.2083333333333,310.381811638448,24.5166666666667,228.283742793951,0.567085421288523
"6883",6866,"Kingsclear","First Nations",45.950442,-66.851933,558,1998,56.5722222222222,214.868192117947,24.375,132.77012327345,0.697289550472733
"6971",7015,"Oromocto","First Nations",45.851388889,-66.463611111,452,1998,56.5722222222222,212.223589708857,24.375,130.12552086436,0.702704219021525
"6992",7086,"Saint Mary's","First Nations",45.97195093,-66.632675405,136,1998,56.5722222222222,215.862907966095,24.375,133.764839121597,0.695308338086284
"7080",6853,"Woodstock","First Nations",46.109192,-67.57747,554,1998,56.5722222222222,233.806522181623,24.375,151.708453337125,0.664030804555989
"7143",7235,"Acadia","First Nations",43.832917,-66.084223,94,1999,59.0236111111111,313.980842904619,24.375,229.957232999803,0.563864722905972
"7152",7282,"Annapolis Valley","First Nations",45.065777,-64.654284,260,1999,59.5027777777778,274.739981117271,24.5166666666667,190.716371212455,0.551912876432184
"7157",7270,"Bear River","First Nations",44.549444444,-65.623611111,297,1999,59.0236111111111,287.544895066025,24.375,203.521285161209,0.58346481715538
"7201",7356,"Fort Folly","First Nations",45.892211914,-64.495483398,61,1999,52.2678571428571,304.429035721886,25.8166666666667,220.40542581707,0.682227564430211
"7212",7373,"Glooscap First Nation","First Nations",45.0425,-64.236944,315,1999,59.5027777777778,312.307352698766,24.5166666666667,228.283742793951,0.578673097747045
"7240",7223,"Kingsclear","First Nations",45.950442,-66.851933,558,1999,59.0236111111111,216.793733178266,24.375,132.77012327345,0.674318715262158
"7328",7372,"Oromocto","First Nations",45.851388889,-66.463611111,452,1999,59.0236111111111,214.149130769176,24.375,130.12552086436,0.679630221965684
"7349",7443,"Saint Mary's","First Nations",45.97195093,-66.632675405,136,1999,59.0236111111111,217.788449026413,24.375,133.764839121597,0.672375249512237
"7437",7210,"Woodstock","First Nations",46.109192,-67.57747,554,1999,59.0236111111111,235.732063241941,24.375,151.708453337125,0.641693624677971
"7500",7592,"Acadia","First Nations",43.832917,-66.084223,94,2000,73.9333333333333,316.256482339541,24.375,229.957232999803,0.453415851475702
"7509",7639,"Annapolis Valley","First Nations",45.065777,-64.654284,260,2000,75.2458333333333,277.015620552193,24.5166666666667,190.716371212455,0.471770736213356
"7514",7627,"Bear River","First Nations",44.549444444,-65.623611111,297,2000,73.9333333333333,289.820534500947,24.375,203.521285161209,0.469487089414557
"7558",7713,"Fort Folly","First Nations",45.892211914,-64.495483398,61,2000,68.4119047619048,306.704675156808,25.8166666666667,220.40542581707,0.525129721619451
"7569",7730,"Glooscap First Nation","First Nations",45.0425,-64.236944,315,2000,75.2458333333333,314.582992133689,24.5166666666667,228.283742793951,0.385029305427028
"7597",7580,"Kingsclear","First Nations",45.950442,-66.851933,558,2000,73.9333333333333,219.069372613188,24.375,132.77012327345,0.543983395175462
"7685",7729,"Oromocto","First Nations",45.851388889,-66.463611111,452,2000,73.9333333333333,216.424770204098,24.375,130.12552086436,0.548338603214769
"7706",7800,"Saint Mary's","First Nations",45.97195093,-66.632675405,136,2000,73.9333333333333,220.064088461335,24.375,133.764839121597,0.542389836486634
"7794",7567,"Woodstock","First Nations",46.109192,-67.57747,554,2000,73.9333333333333,238.007702676863,24.375,151.708453337125,0.5172322180187
"7857",7949,"Acadia","First Nations",43.832917,-66.084223,94,2001,71.3319444444444,323.433499018911,24.375,229.957232999803,0.480616289869065
"7866",7996,"Annapolis Valley","First Nations",45.065777,-64.654284,260,2001,72.9361111111111,284.192637231563,24.5166666666667,190.716371212455,0.408840428634528
"7871",7984,"Bear River","First Nations",44.549444444,-65.623611111,297,2001,71.3319444444444,296.997551180317,24.375,203.521285161209,0.498658921947479
"7915",8070,"Fort Folly","First Nations",45.892211914,-64.495483398,61,2001,70.3309523809524,313.881691836178,25.8166666666667,220.40542581707,0.522754009159807
"7926",8087,"Glooscap First Nation","First Nations",45.0425,-64.236944,315,2001,72.9361111111111,321.760008813058,24.5166666666667,228.283742793951,0.438423526990052
"7954",7937,"Kingsclear","First Nations",45.950442,-66.851933,558,2001,71.3319444444444,226.246389292557,24.375,132.77012327345,0.582293390005191
"8042",8086,"Oromocto","First Nations",45.851388889,-66.463611111,452,2001,71.3319444444444,223.601786883467,24.375,130.12552086436,0.587182833903485
"8063",8157,"Saint Mary's","First Nations",45.97195093,-66.632675405,136,2001,71.3319444444444,227.241105140705,24.375,133.764839121597,0.580504355879305
"8151",7924,"Woodstock","First Nations",46.109192,-67.57747,554,2001,71.3319444444444,245.184719356233,24.375,151.708453337125,0.552260753506357
"8214",8306,"Acadia","First Nations",43.832917,-66.084223,94,2002,72.0722222222222,327.984777888755,24.375,229.957232999803,0.482373371313965
"8223",8353,"Annapolis Valley","First Nations",45.065777,-64.654284,260,2002,72.3680555555556,288.743916101407,24.5166666666667,190.716371212455,0.515593997880149
"8228",8341,"Bear River","First Nations",44.549444444,-65.623611111,297,2002,72.0722222222222,301.548830050161,24.375,203.521285161209,0.501100138565242
"8272",8427,"Fort Folly","First Nations",45.892211914,-64.495483398,61,2002,65.9464285714286,318.432970706022,25.8166666666667,220.40542581707,0.5655937916002
"8283",8444,"Glooscap First Nation","First Nations",45.0425,-64.236944,315,2002,72.3680555555556,326.311287682902,24.5166666666667,228.283742793951,0.412560372036404
"8311",8294,"Kingsclear","First Nations",45.950442,-66.851933,558,2002,72.0722222222222,230.797668162401,24.375,132.77012327345,0.587905833582154
"8399",8443,"Oromocto","First Nations",45.851388889,-66.463611111,452,2002,72.0722222222222,228.153065753312,24.375,130.12552086436,0.592980673964291
"8420",8514,"Saint Mary's","First Nations",45.97195093,-66.632675405,136,2002,72.0722222222222,231.792384010549,24.375,133.764839121597,0.586048963390795
"8508",8281,"Woodstock","First Nations",46.109192,-67.57747,554,2002,72.0722222222222,249.735998226077,24.375,151.708453337125,0.556734428478308
"8571",8663,"Acadia","First Nations",43.832917,-66.084223,94,2003,78.7277777777778,330.960614072884,24.375,229.957232999803,0.445600706608359
"8580",8710,"Annapolis Valley","First Nations",45.065777,-64.654284,260,2003,78.0611111111111,291.719752285536,24.5166666666667,190.716371212455,0.480269457931972
"8585",8698,"Bear River","First Nations",44.549444444,-65.623611111,297,2003,78.7277777777778,304.52466623429,24.375,203.521285161209,0.463264766111774
"8629",8784,"Fort Folly","First Nations",45.892211914,-64.495483398,61,2003,71.6761904761905,321.408806890151,25.8166666666667,220.40542581707,0.525243568885154
"8640",8801,"Glooscap First Nation","First Nations",45.0425,-64.236944,315,2003,78.0611111111111,329.287123867031,24.5166666666667,228.283742793951,0.4559680800924
"8668",8651,"Kingsclear","First Nations",45.950442,-66.851933,558,2003,78.7277777777778,233.77350434653,24.375,132.77012327345,0.54514440617135
"8756",8800,"Oromocto","First Nations",45.851388889,-66.463611111,452,2003,78.7277777777778,231.128901937441,24.375,130.12552086436,0.54993125919716
"8777",8871,"Saint Mary's","First Nations",45.97195093,-66.632675405,136,2003,78.7277777777778,234.768220194678,24.375,133.764839121597,0.543392909764621
"8865",8638,"Woodstock","First Nations",46.109192,-67.57747,554,2003,78.7277777777778,252.711834410206,24.375,151.708453337125,0.515741917895012
"8928",9020,"Acadia","First Nations",43.832917,-66.084223,94,2004,86.6222222222222,334.63664700622,24.375,229.957232999803,0.409488518395598
"8937",9067,"Annapolis Valley","First Nations",45.065777,-64.654284,260,2004,86.4055555555556,295.395785218872,24.5166666666667,190.716371212455,0.460512731014607
"8942",9055,"Bear River","First Nations",44.549444444,-65.623611111,297,2004,86.6222222222222,308.200699167625,24.375,203.521285161209,0.4261270333652
"8986",9141,"Fort Folly","First Nations",45.892211914,-64.495483398,61,2004,80.0857142857143,325.084839823487,25.8166666666667,220.40542581707,0.475466090626871
"8997",9158,"Glooscap First Nation","First Nations",45.0425,-64.236944,315,2004,86.4055555555556,332.963156800367,24.5166666666667,228.283742793951,0.458701442348795
"9025",9008,"Kingsclear","First Nations",45.950442,-66.851933,558,2004,86.6222222222222,237.449537279866,24.375,132.77012327345,0.503252884111661
"9113",9157,"Oromocto","First Nations",45.851388889,-66.463611111,452,2004,86.6222222222222,234.804934870776,24.375,130.12552086436,0.507761820786823
"9134",9228,"Saint Mary's","First Nations",45.97195093,-66.632675405,136,2004,86.6222222222222,238.444253128014,24.375,133.764839121597,0.501603076536174
"9222",8995,"Woodstock","First Nations",46.109192,-67.57747,554,2004,86.6222222222222,256.387867343542,24.375,151.708453337125,0.475557453101884
"9285",9377,"Acadia","First Nations",43.832917,-66.084223,94,2005,99.4361111111111,339.187925876064,24.375,229.957232999803,0.361571177307255
"9294",9424,"Annapolis Valley","First Nations",45.065777,-64.654284,260,2005,98.7194444444444,299.947064088716,24.5166666666667,190.716371212455,0.352277927040575
"9299",9412,"Bear River","First Nations",44.549444444,-65.623611111,297,2005,99.4361111111111,312.75197803747,24.375,203.521285161209,0.376695751530126
"9343",9498,"Fort Folly","First Nations",45.892211914,-64.495483398,61,2005,95.3988095238095,329.636118693331,25.8166666666667,220.40542581707,0.404734031087551
"9354",9515,"Glooscap First Nation","First Nations",45.0425,-64.236944,315,2005,98.7194444444444,337.514435670211,24.5166666666667,228.283742793951,0.417419078560018
"9382",9365,"Kingsclear","First Nations",45.950442,-66.851933,558,2005,99.4361111111111,242.00081614971,24.375,132.77012327345,0.446803910596483
"9470",9514,"Oromocto","First Nations",45.851388889,-66.463611111,452,2005,99.4361111111111,239.35621374062,24.375,130.12552086436,0.45090257850851
"9491",9585,"Saint Mary's","First Nations",45.97195093,-66.632675405,136,2005,99.4361111111111,242.995531997858,24.375,133.764839121597,0.445304219237338
"9579",9352,"Woodstock","First Nations",46.109192,-67.57747,554,2005,99.4361111111111,260.939146213386,24.375,151.708453337125,0.421628490632199
"9642",9734,"Acadia","First Nations",43.832917,-66.084223,94,2006,103.169444444444,343.564155558607,24.375,229.957232999803,0.352983418900792
"9651",9781,"Annapolis Valley","First Nations",45.065777,-64.654284,260,2006,103.754166666667,304.323293771258,24.5166666666667,190.716371212455,0.376049544161281
"9656",9769,"Bear River","First Nations",44.549444444,-65.623611111,297,2006,103.169444444444,317.128207720012,24.375,203.521285161209,0.368144714095982
"9700",9855,"Fort Folly","First Nations",45.892211914,-64.495483398,61,2006,101.84880952381,334.012348375874,25.8166666666667,220.40542581707,0.384135506386492
"9711",9872,"Glooscap First Nation","First Nations",45.0425,-64.236944,315,2006,103.754166666667,341.890665352754,24.5166666666667,228.283742793951,0.284868524254396
"9739",9722,"Kingsclear","First Nations",45.950442,-66.851933,558,2006,103.169444444444,246.377045832253,24.375,132.77012327345,0.438423088847789
"9827",9871,"Oromocto","First Nations",45.851388889,-66.463611111,452,2006,103.169444444444,243.732443423163,24.375,130.12552086436,0.442531707920671
"9848",9942,"Saint Mary's","First Nations",45.97195093,-66.632675405,136,2006,103.169444444444,247.371761680401,24.375,133.764839121597,0.436919756386153
"9936",9709,"Woodstock","First Nations",46.109192,-67.57747,554,2006,103.169444444444,265.315375895929,24.375,151.708453337125,0.413186545450473
"9999",10091,"Acadia","First Nations",43.832917,-66.084223,94,2007,103.123611111111,348.640581990356,24.375,229.957232999803,0.358358223951647
"10008",10138,"Annapolis Valley","First Nations",45.065777,-64.654284,260,2007,106.115277777778,309.399720203008,24.5166666666667,190.716371212455,0.36892543739477
"10013",10126,"Bear River","First Nations",44.549444444,-65.623611111,297,2007,103.123611111111,322.204634151761,24.375,203.521285161209,0.374204027969349
"10057",10212,"Fort Folly","First Nations",45.892211914,-64.495483398,61,2007,103.414285714286,339.088774807623,25.8166666666667,220.40542581707,0.384070333356766
"10068",10229,"Glooscap First Nation","First Nations",45.0425,-64.236944,315,2007,106.115277777778,346.967091784503,24.5166666666667,228.283742793951,0.308402624272268
"10096",10079,"Kingsclear","First Nations",45.950442,-66.851933,558,2007,103.123611111111,251.453472264002,24.375,132.77012327345,0.447655361688715
"10184",10228,"Oromocto","First Nations",45.851388889,-66.463611111,452,2007,103.123611111111,248.808869854912,24.375,130.12552086436,0.451949478502227
"10205",10299,"Saint Mary's","First Nations",45.97195093,-66.632675405,136,2007,103.123611111111,252.44818811215,24.375,133.764839121597,0.446084156112025
"10293",10066,"Woodstock","First Nations",46.109192,-67.57747,554,2007,103.123611111111,270.391802327678,24.375,151.708453337125,0.421279427732561
"10356",10448,"Acadia","First Nations",43.832917,-66.084223,94,2008,120.169444444444,355.467500295122,24.375,229.957232999803,0.313547539347731
"10365",10495,"Annapolis Valley","First Nations",45.065777,-64.654284,260,2008,121.919444444444,316.226638507774,24.5166666666667,190.716371212455,0.317476654397446
"10370",10483,"Bear River","First Nations",44.549444444,-65.623611111,297,2008,120.169444444444,329.031552456528,24.375,203.521285161209,0.327927834537884
"10414",10569,"Fort Folly","First Nations",45.892211914,-64.495483398,61,2008,120.07619047619,345.915693112389,25.8166666666667,220.40542581707,0.337435872232519
"10425",10586,"Glooscap First Nation","First Nations",45.0425,-64.236944,315,2008,121.919444444444,353.794010089269,24.5166666666667,228.283742793951,0.314911788893947
"10453",10436,"Kingsclear","First Nations",45.950442,-66.851933,558,2008,120.169444444444,258.280390568768,24.375,132.77012327345,0.394585976959366
"10541",10585,"Oromocto","First Nations",45.851388889,-66.463611111,452,2008,120.169444444444,255.635788159678,24.375,130.12552086436,0.398482949766193
"10562",10656,"Saint Mary's","First Nations",45.97195093,-66.632675405,136,2008,120.169444444444,259.275106416916,24.375,133.764839121597,0.393160085286594
"10650",10423,"Woodstock","First Nations",46.109192,-67.57747,554,2008,120.169444444444,277.218720632444,24.375,151.708453337125,0.370649437306235
"10713",10805,"Acadia","First Nations",43.832917,-66.084223,94,2009,93.6555555555556,365.445303971319,24.375,229.957232999803,0.413605581861028
"10722",10852,"Annapolis Valley","First Nations",45.065777,-64.654284,260,2009,95.8083333333333,326.204442183971,24.5166666666667,190.716371212455,0.4560931662684
"10727",10840,"Bear River","First Nations",44.549444444,-65.623611111,297,2009,93.6555555555556,339.009356132725,24.375,203.521285161209,0.433523783064815
"10771",10926,"Fort Folly","First Nations",45.892211914,-64.495483398,61,2009,93.6952380952381,355.893496788586,25.8166666666667,220.40542581707,0.444918453462305
"10782",10943,"Glooscap First Nation","First Nations",45.0425,-64.236944,315,2009,95.8083333333333,363.771813765466,24.5166666666667,228.283742793951,0.404457813273477
"10810",10793,"Kingsclear","First Nations",45.950442,-66.851933,558,2009,93.6555555555556,268.258194244965,24.375,132.77012327345,0.525852228000423
"10898",10942,"Oromocto","First Nations",45.851388889,-66.463611111,452,2009,93.6555555555556,265.613591835875,24.375,130.12552086436,0.531249939759861
"10919",11013,"Saint Mary's","First Nations",45.97195093,-66.632675405,136,2009,93.6555555555556,269.252910093113,24.375,133.764839121597,0.523877220056738
"11007",10780,"Woodstock","First Nations",46.109192,-67.57747,554,2009,93.6555555555556,287.196524308641,24.375,151.708453337125,0.492697636482721
"11070",11162,"Acadia","First Nations",43.832917,-66.084223,94,2010,103.143055555556,368.421140155448,24.375,229.957232999803,0.378618734298596
"11079",11209,"Annapolis Valley","First Nations",45.065777,-64.654284,260,2010,106.644444444444,329.1802783681,24.5166666666667,190.716371212455,0.34230509167716
"11084",11197,"Bear River","First Nations",44.549444444,-65.623611111,297,2010,103.143055555556,341.985192316853,24.375,203.521285161209,0.397102020541571
"11128",11283,"Fort Folly","First Nations",45.892211914,-64.495483398,61,2010,102.652380952381,358.869332972715,25.8166666666667,220.40542581707,0.409491796992178
"11139",11300,"Glooscap First Nation","First Nations",45.0425,-64.236944,315,2010,106.644444444444,366.747649949595,24.5166666666667,228.283742793951,0.213011350064804
"11167",11150,"Kingsclear","First Nations",45.950442,-66.851933,558,2010,103.143055555556,271.234030429094,24.375,132.77012327345,0.482779088397939
"11255",11299,"Oromocto","First Nations",45.851388889,-66.463611111,452,2010,103.143055555556,268.589428020004,24.375,130.12552086436,0.487787946903083
"11276",11370,"Saint Mary's","First Nations",45.97195093,-66.632675405,136,2010,103.143055555556,272.228746277242,24.375,133.764839121597,0.480946360794588
"11364",11137,"Woodstock","First Nations",46.109192,-67.57747,554,2010,103.143055555556,290.17236049277,24.375,151.708453337125,0.45201296654683
"11427",11519,"Acadia","First Nations",43.832917,-66.084223,94,2011,125.218055555556,376.473402771326,24.375,229.957232999803,0.318687400665261
"11436",11566,"Annapolis Valley","First Nations",45.065777,-64.654284,260,2011,127.201388888889,337.232540983978,24.5166666666667,190.716371212455,0.329006214269063
"11441",11554,"Bear River","First Nations",44.549444444,-65.623611111,297,2011,125.218055555556,350.037454932732,24.375,203.521285161209,0.33479761065197
"11485",11640,"Fort Folly","First Nations",45.892211914,-64.495483398,61,2011,122.454761904762,366.921595588593,25.8166666666667,220.40542581707,0.350974432938672
"11496",11657,"Glooscap First Nation","First Nations",45.0425,-64.236944,315,2011,127.201388888889,374.799912565473,24.5166666666667,228.283742793951,0.231553276733536
"11524",11507,"Kingsclear","First Nations",45.950442,-66.851933,558,2011,125.218055555556,279.286293044972,24.375,132.77012327345,0.409474566690351
"11612",11656,"Oromocto","First Nations",45.851388889,-66.463611111,452,2011,125.218055555556,276.641690635882,24.375,130.12552086436,0.413840335918334
"11633",11727,"Saint Mary's","First Nations",45.97195093,-66.632675405,136,2011,125.218055555556,280.28100889312,24.375,133.764839121597,0.407877143691525
"11721",11494,"Woodstock","First Nations",46.109192,-67.57747,554,2011,125.218055555556,298.224623108648,24.375,151.708453337125,0.382658519101066
"11784",11876,"Acadia","First Nations",43.832917,-66.084223,94,2012,131.056944444444,381.899927577679,24.375,229.957232999803,0.308878079138073
"11793",11923,"Annapolis Valley","First Nations",45.065777,-64.654284,260,2012,132.680555555556,342.659065790331,24.5166666666667,190.716371212455,0.304756691389568
"11798",11911,"Bear River","First Nations",44.549444444,-65.623611111,297,2012,131.056944444444,355.463979739084,24.375,203.521285161209,0.324840633367204
"11842",11997,"Fort Folly","First Nations",45.892211914,-64.495483398,61,2012,127.246428571429,372.348120394946,25.8166666666667,220.40542581707,0.342753146152705
"11853",12014,"Glooscap First Nation","First Nations",45.0425,-64.236944,315,2012,132.680555555556,380.226437371826,24.5166666666667,228.283742793951,0.28016877801925
"11881",11864,"Kingsclear","First Nations",45.950442,-66.851933,558,2012,131.056944444444,284.712817851325,24.375,132.77012327345,0.3988331487604
"11969",12013,"Oromocto","First Nations",45.851388889,-66.463611111,452,2012,131.056944444444,282.068215442235,24.375,130.12552086436,0.403158904173337
"11990",12084,"Saint Mary's","First Nations",45.97195093,-66.632675405,136,2012,131.056944444444,285.707533699473,24.375,133.764839121597,0.397250366706866
"12078",11851,"Woodstock","First Nations",46.109192,-67.57747,554,2012,131.056944444444,303.651147915001,24.375,151.708453337125,0.372262879706918
"12141",12233,"Acadia","First Nations",43.832917,-66.084223,94,2013,128.476470588235,384.700714574506,24.375,229.957232999803,0.317392708629625
"12150",12280,"Annapolis Valley","First Nations",45.065777,-64.654284,260,2013,129.737254901961,345.459852787158,24.5166666666667,190.716371212455,0.357771845148549
"12155",12268,"Bear River","First Nations",44.549444444,-65.623611111,297,2013,128.476470588235,358.264766735912,24.375,203.521285161209,0.333976024244288
"12199",12354,"Fort Folly","First Nations",45.892211914,-64.495483398,61,2013,128.890196078431,375.148907391773,25.8166666666667,220.40542581707,0.340927228034809
"12210",12371,"Glooscap First Nation","First Nations",45.0425,-64.236944,315,2013,129.737254901961,383.027224368653,24.5166666666667,228.283742793951,0.343854396070907
"12238",12221,"Kingsclear","First Nations",45.950442,-66.851933,558,2013,128.476470588235,287.513604848152,24.375,132.77012327345,0.4108460049676
"12326",12370,"Oromocto","First Nations",45.851388889,-66.463611111,452,2013,128.476470588235,284.869002439062,24.375,130.12552086436,0.415339982952254
"12347",12441,"Saint Mary's","First Nations",45.97195093,-66.632675405,136,2013,128.476470588235,288.5083206963,24.375,133.764839121597,0.409201670735984
"12435",12208,"Woodstock","First Nations",46.109192,-67.57747,554,2013,128.476470588235,306.451934911828,24.375,151.708453337125,0.383242455350442
